Country Name,Country Code,Indicator Name,Indicator Code,1960.0,1961.0,1962.0,1963.0,1964.0,1965.0,1966.0,1967.0,1968.0,1969.0,1970.0,1971.0,1972.0,1973.0,1974.0,1975.0,1976.0,1977.0,1978.0,1979.0,1980.0,1981.0,1982.0,1983.0,1984.0,1985.0,1986.0,1987.0,1988.0,1989.0,1990.0,1991.0,1992.0,1993.0,1994.0,1995.0,1996.0,1997.0,1998.0,1999.0,2000.0,2001.0,2002.0,2003.0,2004.0,2005.0,2006.0,2007.0,2008.0,2009.0,2010.0,2011.0,2012.0,2013.0,2014.0,2015.0,2016.0,2017.0,2018.0
Algeria,DZA,GDP (current US$),NY.GDP.MKTP.CD,2723648552.0,2434776646.0,2001468868.0,2703014867.0,2909351793.0,3136258897.0,3039834559.0,3370843066.0,3852115817.0,4257218772.0,4863487493.0,5077222367.0,6761786387.0,8715105930.0,13209713643.0,15557934268.0,17728347375.0,20971901273.0,26364491313.0,33243422158.0,42345277342.0,44348672668.0,45207088716.0,48801369800.0,53698278906.0,57937868670.0,63696301893.0,66742267773.0,59089067187.0,55631489802.0,62045099643.0,45715367087.0,48003298223.0,49946455211.0,42542571306.0,41764052458.0,46941496780.0,48177862502.0,48187747529.0,48639108361.0,54786074940.0,54743249369.0,56758113501.0,67866141224.0,85324767230.0,103198000000.0,117031000000.0,134979000000.0,170998000000.0,137215000000.0,161205000000.0,200015000000.0,209063000000.0,209755000000.0,213809000000.0,165978000000.0,160033000000.0,167390000000.0,173758000000.0
Australia,AUS,GDP (current US$),NY.GDP.MKTP.CD,18577668272.0,19652816665.0,19892485161.0,21507447643.0,23764139321.0,25936835032.0,27268451114.0,30397580916.0,32665472057.0,36628961810.0,41271138985.0,45149512823.0,51967289720.0,63737347854.0,88831245394.0,97170558514.0,104921000000.0,110202000000.0,118339000000.0,134712000000.0,149775000000.0,176642000000.0,193770000000.0,177030000000.0,193242000000.0,180235000000.0,182037000000.0,189060000000.0,235659000000.0,299268000000.0,310777000000.0,325310000000.0,324879000000.0,311544000000.0,322212000000.0,367216000000.0,400303000000.0,434568000000.0,398899000000.0,388608000000.0,415223000000.0,378376000000.0,394649000000.0,466488000000.0,612490000000.0,693408000000.0,746054000000.0,853100000000.0,1054000000000.0,927805000000.0,1146140000000.0,1396650000000.0,1546150000000.0,1576180000000.0,1467480000000.0,1351690000000.0,1208850000000.0,1330140000000.0,1433900000000.0
Austria,AUT,GDP (current US$),NY.GDP.MKTP.CD,6592693841.0,7311749633.0,7756110210.0,8374175258.0,9169983886.0,9994070616.0,10887682273.0,11579431669.0,12440625313.0,13582798556.0,15373005769.0,17858485957.0,22059612417.0,29515467988.0,35189299985.0,40059206763.0,42959976068.0,51545759221.0,62052258694.0,73937296655.0,82058912465.0,71034228097.0,71275287328.0,72121016623.0,67985345162.0,69386774475.0,99036165210.0,124168000000.0,133339000000.0,133106000000.0,166463000000.0,173794000000.0,195078000000.0,190380000000.0,203535000000.0,241038000000.0,237251000000.0,212790000000.0,218260000000.0,217186000000.0,196800000000.0,197338000000.0,213378000000.0,261696000000.0,300904000000.0,315974000000.0,335999000000.0,388691000000.0,430294000000.0,400172000000.0,391893000000.0,431120000000.0,409425000000.0,430069000000.0,441996000000.0,381818000000.0,395228000000.0,417283000000.0,455286000000.0
"Bahamas, The",BHS,GDP (current US$),NY.GDP.MKTP.CD,169803921.6,190098039.2,212254902.0,237745098.0,266666666.7,300392156.9,340000000.0,390196078.4,444901960.8,528137254.9,538423153.7,573400000.0,590900000.0,670900000.0,632400000.0,596200000.0,642100000.0,713000000.0,832400000.0,1139800100.0,1335300000.0,1426500000.0,1578300000.0,1732800000.0,2041100000.0,2320699900.0,2472500000.0,2713999900.0,2817900000.0,3062000000.0,3166000000.0,3111160000.0,3109000000.0,3092000000.0,3259000000.0,3429000000.0,3609000000.0,6332360000.0,6833220000.0,7683870000.0,8076470000.0,8317830000.0,8881160000.0,8870090000.0,9055290000.0,9836200000.0,10167250000.0,10618340000.0,10526000000.0,9981960000.0,10095760000.0,10070450000.0,10720500000.0,10562700000.0,10913300000.0,11752300000.0,11938400000.0,12150400000.0,12424500000.0
Bangladesh,BGD,GDP (current US$),NY.GDP.MKTP.CD,4274893913.0,4817580184.0,5081413340.0,5319458351.0,5386054619.0,5906636557.0,6439687598.0,7253575399.0,7483685474.0,8471006101.0,8992721809.0,8751842840.0,6288245867.0,8086725729.0,12512460520.0,19448348073.0,10117113333.0,9651149302.0,13281767143.0,15565480322.0,18138049096.0,20249694002.0,18525399202.0,17609048822.0,18920840000.0,22278423077.0,21774033333.0,24298032258.0,26579005760.0,28781714764.0,31598341234.0,30957483950.0,31708874594.0,33166519418.0,33768660883.0,37939748769.0,46438484108.0,48244309133.0,49984559471.0,51270569884.0,53369787319.0,53991289844.0,54724081491.0,60158929188.0,65108544250.0,69442943089.0,71819083684.0,79611888213.0,91631278239.0,102478000000.0,115279000000.0,128638000000.0,133356000000.0,149990000000.0,172885000000.0,195079000000.0,221415000000.0,249724000000.0,274025000000.0
Belgium,BEL,GDP (current US$),NY.GDP.MKTP.CD,11658722591.0,12400145222.0,13264015675.0,14260017387.0,15960106681.0,17371457608.0,18651883472.0,19992040788.0,21376353113.0,23710735895.0,26706196127.0,29821661541.0,37209417835.0,47743801490.0,56033078190.0,65678188659.0,71113883177.0,82839905346.0,101247000000.0,116315000000.0,126829000000.0,104730000000.0,92095926629.0,87184238659.0,83349529880.0,86268264488.0,120019000000.0,149394000000.0,162299000000.0,164221000000.0,205332000000.0,210511000000.0,234782000000.0,224722000000.0,244884000000.0,288026000000.0,279201000000.0,252708000000.0,258528000000.0,258159000000.0,236205000000.0,236541000000.0,257158000000.0,317382000000.0,368537000000.0,385571000000.0,407918000000.0,470324000000.0,515224000000.0,481346000000.0,480952000000.0,522646000000.0,496181000000.0,521643000000.0,534678000000.0,462150000000.0,476057000000.0,503005000000.0,542761000000.0
Belize,BLZ,GDP (current US$),NY.GDP.MKTP.CD,28071888.56,29964370.71,31856922.86,33749405.01,36193826.12,40069930.07,44405594.41,47379310.34,44910179.64,47305389.22,53233532.93,59207317.07,66062500.0,78343558.28,103216374.3,118066298.3,96905829.6,117650000.0,136300000.0,151800000.0,197938222.4,196089854.7,182206327.0,192103186.0,214381949.0,212643742.7,231638320.5,281082558.6,320093360.3,369133890.7,412086445.5,444720750.0,518239100.0,559858250.0,580863700.0,620140400.0,641383800.0,654314350.0,688992450.0,732732350.0,832072450.0,871860600.0,932551850.0,990374050.0,1057845500.0,1114202700.0,1217442150.0,1290542550.0,1368625150.0,1335217500.0,1377179137.0,1460800212.0,1522899790.0,1579413515.0,1662802599.0,1723785357.0,1775100179.0,1836593466.0,1871203164.0
Benin,BEN,GDP (current US$),NY.GDP.MKTP.CD,226195579.4,235668222.4,236434906.8,253927646.5,269818988.3,289908720.6,302925280.8,306222000.4,326323097.4,330748211.5,333627758.2,335072975.2,410331901.0,504376035.7,554654787.0,676870140.3,698408244.4,750049739.2,928843304.8,1186231265.0,1405251547.0,1291119965.0,1267778489.0,1095348303.0,1051133927.0,1045712703.0,1336102041.0,1562412030.0,1620246187.0,1502294411.0,1959965244.0,1986437860.0,1695315306.0,2274557914.0,1598075932.0,2169627251.0,2361116588.0,2268301538.0,2455092582.0,3676045653.0,3511248900.0,3663017700.0,4174634520.0,5337266688.0,6179176459.0,6565043460.0,7027863025.0,8158257572.0,9748276762.0,9699586794.0,9535344283.0,10693321954.0,11141358945.0,12517845732.0,13284528654.0,11388160958.0,11821066153.0,12701656931.0,14250985959.0
Bolivia,BOL,GDP (current US$),NY.GDP.MKTP.CD,373879363.6,406684585.7,444665186.4,478805990.1,539491477.3,604377104.4,669191919.2,755808080.8,857912457.9,929629629.6,1017003367.0,1095622896.0,1257615645.0,1262968516.0,2100249875.0,2404697651.0,2731984008.0,3227436282.0,3758220890.0,4421343606.0,4526916803.0,5872756933.0,5587490265.0,5422440962.0,6169501038.0,5377277407.0,3958338883.0,4323623622.0,4597615563.0,4715978868.0,4867582620.0,5343274312.0,5643893347.0,5734676561.0,5981244887.0,6715220507.0,7396966657.0,7925673448.0,8497545598.0,8285075872.0,8397912509.0,8141537938.0,7905485216.0,8082364868.0,8773451739.0,9549077869.0,11451869165.0,13120183157.0,16674324634.0,17339992165.0,19649631451.0,23963033588.0,27084497540.0,30659338784.0,32996188133.0,33000198263.0,33941126194.0,37508642258.0,40287647757.0
Botswana,BWA,GDP (current US$),NY.GDP.MKTP.CD,30412308.99,32902336.64,35643207.63,38091150.57,41613969.05,45790869.75,51464435.15,58646443.51,66248256.62,77356914.08,96245114.46,126957494.4,165258093.9,244129088.0,306033848.4,355172413.8,372010119.6,451603325.4,590376720.6,819877300.6,1060923829.0,1073861599.0,1014907255.0,1172258182.0,1240796365.0,1114764007.0,1392634772.0,1965274882.0,2644536804.0,3083800685.0,3790567052.0,3942792837.0,4146513722.0,4160086253.0,4259330999.0,4730611067.0,4847752843.0,5020214747.0,4790458837.0,5484257417.0,5788329609.0,5489608300.0,5438857107.0,7511582173.0,8957467707.0,9931134941.0,10126940513.0,10939053365.0,10945070442.0,10267133178.0,12786654366.0,15351972230.0,16067155187.0,14901750765.0,16250750259.0,14420604206.0,15646316818.0,17405538618.0,18616018903.0
Brazil,BRA,GDP (current US$),NY.GDP.MKTP.CD,15165569913.0,15236854859.0,19926293839.0,23021477292.0,21211892260.0,21790035117.0,27062716578.0,30591834054.0,33875881876.0,37458898244.0,42327600098.0,49204456700.0,58539008786.0,79279057731.0,105136000000.0,123709000000.0,152678000000.0,176171000000.0,200801000000.0,224969000000.0,235025000000.0,263561000000.0,281682000000.0,203305000000.0,209024000000.0,222943000000.0,268137000000.0,294084000000.0,330397000000.0,425595000000.0,461952000000.0,602860000000.0,400599000000.0,437799000000.0,558112000000.0,769305000000.0,850426000000.0,883200000000.0,863723000000.0,599389000000.0,655421000000.0,559372000000.0,507962000000.0,558320000000.0,669317000000.0,891630000000.0,1107640000000.0,1397080000000.0,1695820000000.0,1667020000000.0,2208870000000.0,2616200000000.0,2465190000000.0,2472810000000.0,2455990000000.0,1802210000000.0,1795700000000.0,2062830000000.0,1885480000000.0
Burkina Faso,BFA,GDP (current US$),NY.GDP.MKTP.CD,330442817.2,350247237.1,379567178.3,394040749.1,410321785.6,422916848.4,433889831.6,450753993.2,460442864.2,478298781.5,458404330.1,482411279.0,578595584.0,674773821.2,751133642.6,939972703.5,976547572.2,1131225279.0,1475584037.0,1748480982.0,1928720390.0,1775842680.0,1754450379.0,1600278756.0,1459880353.0,1552493414.0,2036303381.0,2369835439.0,2616040646.0,2615588546.0,3101301781.0,3135045684.0,2240264712.0,2332018011.0,1895290965.0,2379518099.0,2586550747.0,2447669404.0,2804902724.0,2993753187.0,2628920056.0,2812845514.0,3205592290.0,4205691222.0,4838551100.0,5462709498.0,5816310158.0,6771277871.0,8369637065.0,8369175126.0,8979966766.0,10724063458.0,11166063467.0,11947176342.0,12377391463.0,10419303761.0,10867024152.0,12330338343.0,14124775069.0
Burundi,BDI,GDP (current US$),NY.GDP.MKTP.CD,195999990.0,202999992.0,213500006.0,232749998.0,260750008.0,158994963.0,165444571.4,178297142.9,183200000.0,190205714.3,242732571.4,252842285.7,246804571.4,304339839.6,345263492.1,420986666.7,448412753.6,547535555.6,610225555.6,782496666.7,919726666.7,969046666.7,1013222222.0,1082926304.0,987143931.2,1149979286.0,1201725497.0,1131466494.0,1082403219.0,1113924130.0,1132101253.0,1167398478.0,1083037671.0,938632612.0,925030590.2,1000428394.0,869033856.3,972896267.9,893770806.1,808077223.4,870486065.9,876794723.1,825394490.2,784654423.6,915257323.4,1117113046.0,1273375020.0,1356199365.0,1611835902.0,1781455092.0,2032135247.0,2235820868.0,2333308099.0,2451625333.0,2705783272.0,3104394858.0,2959640987.0,3172292379.0,3036931818.0
Cameroon,CMR,GDP (current US$),NY.GDP.MKTP.CD,618740988.0,657597382.8,699373701.2,723624365.3,782384527.8,814139855.8,853268771.1,934079050.3,1053077155.0,1152418515.0,1160002261.0,1233991075.0,1430951332.0,1758727395.0,2255496995.0,2752771044.0,3076592431.0,3366368665.0,4409920644.0,5811444661.0,6740756569.0,7636345827.0,7322914570.0,7381854747.0,7801858825.0,8148223604.0,10621158533.0,12302471429.0,12493286762.0,11140055364.0,11151578051.0,12434370005.0,11396310990.0,15498179313.0,10600157684.0,9643953175.0,10513387442.0,10833497458.0,10612847429.0,11198378749.0,10083937740.0,10371327756.0,11579343088.0,14548845765.0,17430933517.0,17944084201.0,19356046328.0,22365265026.0,26409781215.0,26017925552.0,26143818510.0,29337006833.0,29104437355.0,32348149947.0,34942948737.0,30916218544.0,32621535419.0,34922782311.0,38675205293.0
Canada,CAN,GDP (current US$),NY.GDP.MKTP.CD,40461721693.0,40934952064.0,42227447632.0,45029988561.0,49377522897.0,54515179581.0,61088384037.0,65668655501.0,71829810520.0,79148411662.0,87896095224.0,99271961478.0,113083000000.0,131322000000.0,160409000000.0,173834000000.0,206576000000.0,211612000000.0,218633000000.0,243072000000.0,273854000000.0,306215000000.0,313507000000.0,340548000000.0,355373000000.0,364756000000.0,377438000000.0,431317000000.0,507354000000.0,565056000000.0,593930000000.0,610328000000.0,592388000000.0,577171000000.0,578139000000.0,604032000000.0,628546000000.0,652824000000.0,631813000000.0,676084000000.0,742295000000.0,736380000000.0,757951000000.0,892382000000.0,1023200000000.0,1169360000000.0,1315420000000.0,1464980000000.0,1549130000000.0,1371150000000.0,1613540000000.0,1789140000000.0,1823970000000.0,1842020000000.0,1801480000000.0,1552900000000.0,1526710000000.0,1646870000000.0,1713340000000.0
Central African Republic,CAF,GDP (current US$),NY.GDP.MKTP.CD,112155598.9,123134584.5,124482748.9,129379097.9,142025069.5,150574816.3,157930041.9,163820538.9,191767437.0,188039191.3,189106554.5,201450768.4,230317908.0,271183061.4,281398668.2,378660016.3,451152450.0,507298120.7,610578523.8,700764892.7,797048028.8,694803502.7,748312283.7,658679394.9,637820620.7,864849765.1,1122265026.0,1200991826.0,1264899368.0,1233930277.0,1440711396.0,1377375031.0,1411917558.0,1278781167.0,851174350.6,1115389732.0,1007791186.0,937741468.0,967338348.7,999477510.7,914500299.1,931833302.8,991387870.1,1139754799.0,1270080251.0,1337362392.0,1460561215.0,1697565949.0,1985240986.0,2059094048.0,2140503193.0,2434792413.0,2510270268.0,1691063477.0,1892292912.0,1695143880.0,1823779165.0,2067230996.0,2219894702.0
Chad,TCD,GDP (current US$),NY.GDP.MKTP.CD,313582727.6,333975336.6,357635713.9,371767002.7,392247517.6,416926303.0,432794922.5,449826323.0,453980096.7,471635620.9,469266736.6,501866730.7,585427545.7,647199482.8,652532796.1,864602103.3,866044961.0,935360466.4,1113920123.0,1004316495.0,1033002402.0,876937559.7,834369860.4,832415806.0,919103735.3,1033069710.0,1067828247.0,1163426851.0,1482597299.0,1433686310.0,1738605558.0,1877138042.0,1881847677.0,1463251055.0,1179837955.0,1445919970.0,1607345450.0,1544689503.0,1744794457.0,1534673583.0,1385058162.0,1709347793.0,1987622279.0,2736666516.0,4414929220.0,6646663561.0,7422102656.0,8638711443.0,10351932604.0,9253484108.0,10657705536.0,12156380425.0,12368071039.0,12949854263.0,13922223234.0,10945989472.0,10090922857.0,9975692095.0,11273115239.0
Chile,CHL,GDP (current US$),NY.GDP.MKTP.CD,4110000000.0,4609727273.0,5416272727.0,5668187500.0,5982347826.0,6026593750.0,7072641026.0,7013196078.0,7167086957.0,8377093023.0,9126309735.0,10884114754.0,11853817308.0,16836261173.0,16210404184.0,7622217352.0,10341925249.0,13962893422.0,15989933708.0,21803696985.0,29036709872.0,34509878044.0,25325893206.0,20355959237.0,19622527480.0,17702885394.0,18891048819.0,22255407685.0,26040229793.0,29885685143.0,33113887818.0,37834793730.0,45964327559.0,49297773130.0,57008425296.0,73447063319.0,78039572222.0,84952360922.0,81577430181.0,75173794497.0,77860932152.0,70979923960.0,69736811435.0,75643459840.0,99210392858.0,122965000000.0,154788000000.0,173606000000.0,179638000000.0,172389000000.0,218538000000.0,252252000000.0,267122000000.0,278384000000.0,260542000000.0,243919000000.0,250340000000.0,277746000000.0,298231000000.0
China,CHN,GDP (current US$),NY.GDP.MKTP.CD,59716467625.0,50056868958.0,47209359006.0,50706799903.0,59708343489.0,70436266147.0,76720285970.0,72881631327.0,70846535056.0,79705906247.0,92602973434.0,99800958648.0,113688000000.0,138544000000.0,144182000000.0,163432000000.0,153940000000.0,174938000000.0,149541000000.0,178281000000.0,191149000000.0,195866000000.0,205090000000.0,230687000000.0,259947000000.0,309488000000.0,300758000000.0,272973000000.0,312354000000.0,347768000000.0,360858000000.0,383373000000.0,426916000000.0,444731000000.0,564325000000.0,734548000000.0,863747000000.0,961604000000.0,1029040000000.0,1094000000000.0,1211350000000.0,1339400000000.0,1470550000000.0,1660290000000.0,1955350000000.0,2285970000000.0,2752130000000.0,3550340000000.0,4594310000000.0,5101700000000.0,6087160000000.0,7551500000000.0,8532230000000.0,9570410000000.0,10438500000000.0,11015500000000.0,11137900000000.0,12143500000000.0,13608200000000.0
Colombia,COL,GDP (current US$),NY.GDP.MKTP.CD,4031152977.0,4540447761.0,4955543963.0,4836166667.0,5973366667.0,5760761905.0,5428518519.0,5825170438.0,5960212869.0,6450175214.0,7198360460.0,7820380971.0,8671358733.0,10315760000.0,12370029584.0,13098633902.0,15341403660.0,19470960619.0,23263511958.0,27940411250.0,33400735644.0,36388366869.0,38968039722.0,38729822782.0,38253120738.0,34894411352.0,34942489684.0,36373307085.0,39212550050.0,39540080200.0,47844090710.0,49175565911.0,58418985443.0,66446804803.0,81703500846.0,92507279383.0,97160109278.0,106660000000.0,98443739941.0,86186158685.0,99886577331.0,98211749596.0,97963003805.0,94641378693.0,117082000000.0,145181000000.0,161190000000.0,205707000000.0,241711000000.0,232494000000.0,286104000000.0,334454000000.0,370574000000.0,381867000000.0,381112000000.0,293482000000.0,282825000000.0,311790000000.0,331047000000.0
"Congo, Dem. Rep.",COD,GDP (current US$),NY.GDP.MKTP.CD,3359404118.0,3086746857.0,3779841429.0,6213185743.0,2881545273.0,4043901818.0,4532660182.0,3384063372.0,3909780539.0,5032434970.0,4877684910.0,5594770359.0,6173712814.0,7870239461.0,9596960180.0,10237343174.0,9648583225.0,12344424764.0,15372608002.0,15068422236.0,14394927495.0,12537821038.0,13651667371.0,11006712650.0,7857729193.0,7195042616.0,8095367168.0,7661625473.0,8861299977.0,9021862775.0,9349764580.0,9625436873.0,8227343907.0,10706259937.0,5820382248.0,5643439376.0,5771454940.0,6090840548.0,6215591270.0,4711259427.0,19088046306.0,7438189100.0,8728038525.0,8937567060.0,10297483481.0,11964484668.0,14451902468.0,16737071816.0,19788515874.0,18648373312.0,21565720044.0,25839749199.0,29306235826.0,32679745298.0,35909040266.0,37917704900.0,37134799975.0,38019265626.0,47227535291.0
"Congo, Rep.",COG,GDP (current US$),NY.GDP.MKTP.CD,131731862.6,151675739.2,166521239.9,172233430.9,185693724.8,198318063.9,220613582.4,237397428.3,251247458.0,265040036.1,274960699.9,322128019.3,410669262.9,541973362.5,585364635.4,767102679.0,754549600.5,765224030.6,878771771.3,1198749666.0,1705796850.0,1993512326.0,2160640567.0,2097274290.0,2193581366.0,2160872541.0,1849268215.0,2297753649.0,2212536313.0,2389593022.0,2798746051.0,2724853593.0,2933222714.0,1918970032.0,1769365425.0,2116003978.0,2540697688.0,2322718991.0,1949481297.0,2353909564.0,3219910550.0,2794259783.0,3019993739.0,3495868808.0,4648628921.0,6087003176.0,7731261311.0,8394688284.0,11859013281.0,9593537551.0,12007880439.0,14425607180.0,13677930124.0,14085851348.0,14177437982.0,8553154580.0,9035848071.0,8701334800.0,11263682694.0
Costa Rica,CRI,GDP (current US$),NY.GDP.MKTP.CD,507513830.0,490325181.6,479180824.3,511902136.8,542578367.2,592981162.3,647305630.2,699456618.9,773841494.3,853630203.8,984830158.5,1077152902.0,1238251696.0,1528916185.0,1666544754.0,1960863466.0,2412555426.0,3072427013.0,3523208810.0,4035519323.0,4831447001.0,2623807074.0,2606621255.0,3146770104.0,3660476459.0,3919203960.0,4418983871.0,4532952047.0,4614629898.0,5251025767.0,5711687787.0,7168999670.0,8528593421.0,9537297723.0,10432619325.0,11513472786.0,11618286652.0,12552071488.0,13617405297.0,14195623343.0,14949514493.0,15913363441.0,16504795593.0,17196009811.0,18528955525.0,19948261084.0,22602721765.0,26743972564.0,30612927059.0,30562361123.0,37268614024.0,42262697840.0,46473128286.0,49745088112.0,50577769838.0,54775994479.0,57157992434.0,58174549218.0,60130106116.0
Cote d'Ivoire,CIV,GDP (current US$),NY.GDP.MKTP.CD,546203561.6,618245639.2,645284344.7,761047045.8,921063266.4,919771356.4,1024103034.0,1082922892.0,1281281246.0,1361360157.0,1455482990.0,1584128262.0,1849400600.0,2508421235.0,3070151901.0,3893839190.0,4662053708.0,6265067858.0,7900524898.0,9142935858.0,10175615442.0,8432588484.0,7567109767.0,6838185419.0,6841638715.0,6977650069.0,9158302205.0,10087653189.0,10255170460.0,9757410614.0,10795850107.0,10492628915.0,11152971316.0,11045759469.0,8313557450.0,11000146839.0,12139234939.0,11722142706.0,12612033729.0,12376639823.0,10717022463.0,11192560827.0,12346919216.0,15306602560.0,16554441847.0,17084928927.0,17800887796.0,20343635320.0,24224903100.0,24277493862.0,24884505035.0,25381616734.0,26790579775.0,31264187110.0,35316491207.0,33131114322.0,35296977344.0,38053606751.0,43007047822.0
Dominican Republic,DOM,GDP (current US$),NY.GDP.MKTP.CD,672399700.0,654100200.0,824100000.0,940799900.0,1025599900.0,888100000.0,983900000.0,1034800000.0,1079100000.0,1230500000.0,1485500000.0,1666500000.0,1987400000.0,2344800000.0,2925700000.0,3599200000.0,3951500000.0,4587100000.0,4734400000.0,5498800000.0,6761300000.0,7561300000.0,8267400000.0,9220600000.0,11594000000.0,5044592945.0,6122198120.0,5826987099.0,5374314928.0,6686593060.0,7073675545.0,9734321854.0,11356271336.0,13081042400.0,14664237667.0,16598679279.0,18241691857.0,20017908829.0,21672526563.0,22137599986.0,24305116729.0,25599311449.0,27362875603.0,21642882856.0,22692574473.0,36119047252.0,38116351526.0,43965459070.0,48122601589.0,48261079523.0,53860187453.0,58029773801.0,60681535893.0,62682158701.0,67179956264.0,71164826721.0,75704647977.0,79998045976.0,85555390387.0
Ecuador,ECU,GDP (current US$),NY.GDP.MKTP.CD,2069465326.0,1753850417.0,1518208221.0,1824344492.0,2244146868.0,2387048255.0,2429309514.0,2553596092.0,2582180794.0,3112166848.0,2862504170.0,2754220263.0,3185987235.0,3891755552.0,6599259421.0,7731677257.0,9091924305.0,11026346590.0,11922502171.0,14175166008.0,17881514683.0,21810767209.0,19929853575.0,17152483214.0,16912515183.0,17149094590.0,15314143988.0,13945431882.0,13051886552.0,13890828708.0,15239278100.0,16988535268.0,18094238119.0,18938717359.0,22708673337.0,24432884442.0,25226393197.0,28162053027.0,27981896948.0,19645272636.0,18327764882.0,24468324000.0,28548945000.0,32432858000.0,36591661000.0,41507085000.0,46802044000.0,51007777000.0,61762635000.0,62519686000.0,69555367000.0,79276664000.0,87924544000.0,95129659000.0,101726000000.0,99290381000.0,99937696000.0,104296000000.0,108398000000.0
Eswatini,SWZ,GDP (current US$),NY.GDP.MKTP.CD,35076158.48,43025199.5,45927061.46,54128377.43,64979280.41,70278594.43,76858462.83,74758504.83,79798404.03,105417891.6,112137757.2,136465324.4,146741251.5,221902017.3,264311994.1,288302907.4,272539098.4,304047838.1,340616375.3,412093133.8,542000513.6,571542674.6,537575980.8,555336145.8,494475699.9,361014890.5,449146608.3,584135559.9,692016714.3,696915430.7,1114703088.0,1156141998.0,1284766234.0,1357206996.0,1419293455.0,1698982438.0,1602760100.0,1716699913.0,1576904292.0,1547884442.0,1738100848.0,1542477355.0,1432228173.0,2197612761.0,2770082815.0,3178126548.0,3291353813.0,3469363931.0,3294093360.0,3580417157.0,4438778554.0,4820499498.0,4886658800.0,4597702898.0,4422304977.0,4073390988.0,3840677845.0,4446248678.0,4710618472.0
Fiji,FJI,GDP (current US$),NY.GDP.MKTP.CD,112328422.1,116987784.9,122906435.0,129454728.6,140032741.5,147084750.0,150603925.5,162625885.9,166952937.1,182182067.7,219878482.2,247749327.7,316650509.0,425963359.4,558589870.9,684268280.8,694552411.7,719533137.1,829239489.8,1019743927.0,1202567359.0,1235899836.0,1194015444.0,1123107276.0,1177997414.0,1141210125.0,1290228617.0,1177908192.0,1109976928.0,1182686577.0,1337024782.0,1383843860.0,1531803061.0,1635426125.0,1825285158.0,1970347721.0,2129266728.0,2093994597.0,1656784780.0,1942170999.0,1684109743.0,1660102346.0,1842691481.0,2315935753.0,2727507213.0,3006725015.0,3102741451.0,3405050612.0,3523185920.0,2870624636.0,3140508836.0,3774530616.0,3972012571.0,4190143206.0,4856963230.0,4682546863.0,4930204220.0,5353404419.0,5536759659.0
Finland,FIN,GDP (current US$),NY.GDP.MKTP.CD,5224102196.0,5921659485.0,6340580854.0,6885920329.0,7766655086.0,8589340019.0,9208524505.0,9368954010.0,8823033880.0,10070766721.0,11357517271.0,12527405087.0,14743185403.0,19472363155.0,24848821333.0,29472623727.0,31849514233.0,33499799174.0,36256160722.0,44465255381.0,53645202423.0,52448332874.0,52797582336.0,50973526900.0,52888800950.0,55875863392.0,73531550551.0,91594751792.0,109059000000.0,119012000000.0,141438000000.0,127774000000.0,112533000000.0,89214114708.0,103300000000.0,134190000000.0,132129000000.0,126912000000.0,134039000000.0,135218000000.0,125707000000.0,129421000000.0,139738000000.0,171274000000.0,197117000000.0,204809000000.0,216908000000.0,256053000000.0,284554000000.0,252497000000.0,249181000000.0,275244000000.0,258305000000.0,271285000000.0,274497000000.0,234585000000.0,240570000000.0,254435000000.0,276743000000.0
France,FRA,GDP (current US$),NY.GDP.MKTP.CD,62225478001.0,67461644222.0,75607529810.0,84759195106.0,94007851047.0,101537000000.0,110046000000.0,118973000000.0,129785000000.0,141903000000.0,148456000000.0,165967000000.0,203494000000.0,264430000000.0,285552000000.0,360832000000.0,372319000000.0,410279000000.0,506708000000.0,613953000000.0,701288000000.0,615552000000.0,584878000000.0,559869000000.0,530684000000.0,553138000000.0,771471000000.0,934173000000.0,1018850000000.0,1025210000000.0,1269180000000.0,1269280000000.0,1401470000000.0,1322820000000.0,1393980000000.0,1601090000000.0,1605680000000.0,1452880000000.0,1503110000000.0,1492650000000.0,1362250000000.0,1376470000000.0,1494290000000.0,1840480000000.0,2115740000000.0,2196130000000.0,2318590000000.0,2657210000000.0,2918380000000.0,2690220000000.0,2642610000000.0,2861410000000.0,2683830000000.0,2811080000000.0,2852170000000.0,2438210000000.0,2471290000000.0,2586290000000.0,2777540000000.0
Gabon,GAB,GDP (current US$),NY.GDP.MKTP.CD,141468977.6,167637907.4,182796536.5,154480244.2,215679855.3,226474285.6,245849781.7,271543680.3,294468564.5,318124701.0,323802475.5,381687073.1,430508357.7,722780701.1,1544216004.0,2157592937.0,3009409971.0,2809349074.0,2389479269.0,3030251116.0,4279637934.0,3862269127.0,3618007844.0,3391275731.0,3561451562.0,3339914759.0,3403638194.0,3281797039.0,3834503378.0,4186411457.0,5952293766.0,5402919957.0,5592390849.0,4378645081.0,4190819314.0,4958845906.0,5694040337.0,5326816859.0,4483417120.0,4662992036.0,5067865321.0,5018874179.0,5310381151.0,6497305662.0,7756293575.0,9578973591.0,10318424464.0,12438956756.0,15508574820.0,12065138273.0,14358584300.0,18186478120.0,17171447372.0,17590745162.0,18179752010.0,14377324798.0,14014369642.0,14892609693.0,16853589311.0
Ghana,GHA,GDP (current US$),NY.GDP.MKTP.CD,1217230038.0,1302674264.0,1382515590.0,1540797517.0,1731296119.0,2053462872.0,2126300573.0,1747187539.0,1666910166.0,1962051319.0,2215029450.0,2417107708.0,2112292945.0,2465492958.0,2894409938.0,2810106383.0,2765254237.0,3189428571.0,3662478185.0,4020227920.0,4445228216.0,4222441615.0,4035994398.0,4057275043.0,4412279843.0,4504342149.0,5727602645.0,5074829932.0,5197840979.0,5251764264.0,5889174825.0,6596546196.0,6413901602.0,5966255778.0,5444560669.0,6465137615.0,6934984709.0,6891308594.0,7480968858.0,7719354839.0,4983024408.0,5314909954.0,6166330136.0,7632406553.0,8881368538.0,10731634117.0,20409668522.0,24758819718.0,28526891010.0,25977847814.0,32174772956.0,39566292433.0,41939728979.0,63277216929.0,53601126664.0,49181854798.0,55009730600.0,58996776238.0,65556464048.0
Greece,GRC,GDP (current US$),NY.GDP.MKTP.CD,4335186017.0,4961400439.0,5213047711.0,5895278024.0,6669673257.0,7689154053.0,8591517944.0,9275600800.0,10090675903.0,11615657031.0,13139862500.0,14591755682.0,16885506818.0,22347844649.0,25351305682.0,28525872476.0,31152840485.0,36176233117.0,44270203154.0,54481875805.0,56829663469.0,52346507380.0,54617991327.0,49428872678.0,48020024788.0,47820850975.0,56379593720.0,65652751132.0,76261278405.0,79169043642.0,97891090929.0,105143000000.0,116225000000.0,108809000000.0,116602000000.0,136878000000.0,145862000000.0,143158000000.0,144428000000.0,142541000000.0,130134000000.0,136191000000.0,153831000000.0,201924000000.0,240521000000.0,247783000000.0,273318000000.0,318498000000.0,354461000000.0,330000000000.0,299362000000.0,287798000000.0,245671000000.0,239862000000.0,237030000000.0,196591000000.0,195222000000.0,203086000000.0,218032000000.0
Guatemala,GTM,GDP (current US$),NY.GDP.MKTP.CD,1043599900.0,1076699900.0,1143600000.0,1262800000.0,1299099900.0,1331399900.0,1390700000.0,1453500000.0,1610500000.0,1715399900.0,1904000000.0,1984800000.0,2101300000.0,2569200100.0,3161499900.0,3645900000.0,4365300200.0,5480500200.0,6070600200.0,6902600200.0,7878700000.0,8607500300.0,8716999700.0,9050000400.0,9470000100.0,9721652087.0,7231963516.0,7084399840.0,7841602824.0,8410724361.0,7650125217.0,9406097735.0,10440842165.0,11399942453.0,12983235568.0,14655404433.0,15674835615.0,17790026222.0,19395491993.0,18318412251.0,19288827159.0,18702802522.0,20776403774.0,21917430694.0,23965275794.0,27211377107.0,30231249625.0,34113107372.0,39136436614.0,37733609795.0,41338008613.0,47654783852.0,50388460925.0,53851153447.0,58722323918.0,63767597194.0,68663649522.0,75620081928.0,78460447920.0
Guyana,GUY,GDP (current US$),NY.GDP.MKTP.CD,170215248.2,185848451.3,194948375.4,175756868.7,194773376.9,213235294.1,228705882.4,250176470.6,229750000.0,249300000.0,267800000.0,282050000.0,285380952.4,307047619.0,433954545.5,494791666.7,454440000.0,449880000.0,507080000.0,530440000.0,603200000.0,570357107.1,482000000.0,489333333.3,437631605.3,453488372.1,504651139.5,354591846.9,413799990.0,379779389.7,396582263.3,348533094.8,373573141.5,454101382.5,540874934.2,621626785.9,705406001.4,749138009.6,717530683.2,694754988.3,712667896.7,712167575.6,726131434.7,743064076.8,787814379.2,824880550.3,1458453715.0,1740180444.0,1916994912.0,2061323854.0,2273225042.0,2576024116.0,2861562266.0,2987684170.0,3077643314.0,3197220339.0,3504024213.0,3555205811.0,3878662621.0
Haiti,HTI,GDP (current US$),NY.GDP.MKTP.CD,273187200.0,271066000.0,281896800.0,294883400.0,325281200.0,353251800.0,368948600.0,369124200.0,367968800.0,391820400.0,331200000.0,362800000.0,372000000.0,466800000.0,565400000.0,681400000.0,879000000.0,947000000.0,974200000.0,1080600000.0,1383800000.0,1479400000.0,1474200000.0,1623600000.0,1816200000.0,2009400000.0,2318000000.0,2047200000.0,2613926800.0,2736243800.0,3096289800.0,3473540602.0,2257121668.0,1878248741.0,2167564195.0,2813313279.0,2907514523.0,3338938830.0,3723909227.0,4153736347.0,3953846311.0,3596443005.0,3472191962.0,2960306121.0,3537720277.0,4310358096.0,4756204070.0,5885325590.0,6548530572.0,6584649419.0,6622541529.0,7516834160.0,7890647022.0,8485077205.0,8775444942.0,8724656126.0,7970649131.0,8409497402.0,9658721169.0
Honduras,HND,GDP (current US$),NY.GDP.MKTP.CD,335650000.0,356200000.0,387750000.0,410200000.0,457000000.0,508650000.0,549950000.0,598100000.0,646800000.0,668000050.0,723000000.0,731000000.0,802999950.0,912499950.0,1034500000.0,1124000000.0,1347999950.0,1669499950.0,3097242093.0,3544281976.0,3968160046.0,4043894879.0,4266503526.0,4476697185.0,4915311846.0,5278120713.0,5677828959.0,6190521241.0,5902717092.0,5432344902.0,4923009552.0,4648668479.0,4943700431.0,4926728933.0,4642280682.0,5347445005.0,5215028986.0,5737099650.0,6366340266.0,6414520530.0,7103507989.0,7565869928.0,7775078403.0,8140271081.0,8772146605.0,9672035709.0,10841742348.0,12275501784.0,13789715133.0,14587496229.0,15839344592.0,17710315006.0,18528601901.0,18499710128.0,19756494435.0,20979767785.0,21717622071.0,23136232230.0,24024189736.0
"Hong Kong SAR, China",HKG,GDP (current US$),NY.GDP.MKTP.CD,1320796652.0,1383681651.0,1612346412.0,1935298266.0,2206466461.0,2435078534.0,2489845017.0,2692474989.0,2716964388.0,3189740055.0,3800766536.0,4476001946.0,5710107420.0,8030117556.0,9388663646.0,10048022370.0,12876366009.0,15719433719.0,18315007366.0,22526035941.0,28861759209.0,31055409443.0,32291306282.0,29907091340.0,33511383986.0,35699543051.0,41075570592.0,50622571586.0,59707404561.0,68790369107.0,76928290842.0,88959620136.0,104272000000.0,120354000000.0,135812000000.0,144653000000.0,159717000000.0,177353000000.0,168886000000.0,165768000000.0,171668000000.0,169403000000.0,166349000000.0,161385000000.0,169100000000.0,181570000000.0,193536000000.0,211597000000.0,219280000000.0,214046000000.0,228638000000.0,248514000000.0,262629000000.0,275697000000.0,291459000000.0,309384000000.0,320861000000.0,341687000000.0,362682000000.0
Iceland,ISL,GDP (current US$),NY.GDP.MKTP.CD,248434097.0,253885656.3,284916516.2,340061650.1,434267936.9,523694949.4,628893310.4,621225962.2,474399471.6,414709311.4,527496590.9,671258750.0,840914457.3,1156175524.0,1517467734.0,1408989850.0,1671997859.0,2211828984.0,2515601748.0,2857724220.0,3386501918.0,3498247432.0,3211446626.0,2770107923.0,2868747035.0,2988537806.0,3995619693.0,5528616190.0,6115814935.0,5681096096.0,6478459747.0,6920116563.0,7091625419.0,6227928906.0,6399064571.0,7134341218.0,7438183247.0,7580988916.0,8494094643.0,8971609106.0,9003639475.0,8205357164.0,9294651863.0,11414054861.0,13834751482.0,16812529924.0,17216417442.0,21514962937.0,17905251832.0,13164652894.0,13683689802.0,15158548597.0,14724078264.0,16033517529.0,17758089312.0,17344165907.0,20716024757.0,24489493459.0,25878475760.0
India,IND,GDP (current US$),NY.GDP.MKTP.CD,37029883875.0,39232435784.0,42161481859.0,48421923459.0,56480289941.0,59554854575.0,45865462034.0,50134942203.0,53085455871.0,58447995017.0,62422483055.0,67350988021.0,71463193830.0,85515269586.0,99525899116.0,98472796457.0,102717000000.0,121487000000.0,137300000000.0,152992000000.0,186325000000.0,193491000000.0,200715000000.0,218262000000.0,212158000000.0,232512000000.0,248986000000.0,279034000000.0,296589000000.0,296042000000.0,320979000000.0,270105000000.0,288208000000.0,279296000000.0,327276000000.0,360282000000.0,392897000000.0,415868000000.0,421351000000.0,458820000000.0,468395000000.0,485441000000.0,514938000000.0,607699000000.0,709149000000.0,820382000000.0,940260000000.0,1216740000000.0,1198900000000.0,1341890000000.0,1675620000000.0,1823050000000.0,1827640000000.0,1856720000000.0,2039130000000.0,2103590000000.0,2290430000000.0,2652240000000.0,2718730000000.0
Ireland,IRL,GDP (current US$),NY.GDP.MKTP.CD,1939329775.0,2088012282.0,2260349684.0,2430843768.0,2766608946.0,2945704143.0,3104034393.0,3343636773.0,3278584478.0,3787077344.0,4401259497.0,5104355309.0,6325627459.0,7490132356.0,7906317069.0,9495165854.0,9465078121.0,11261810826.0,14665538055.0,18341273372.0,21773901117.0,20694944099.0,21500471384.0,20790917197.0,20130728188.0,21295485800.0,28748959623.0,33961141386.0,37818133293.0,39285383971.0,49364679953.0,49847127139.0,55985505025.0,52480251773.0,57166035571.0,69222624369.0,75880630166.0,82826141595.0,90082051923.0,98692079267.0,99852958356.0,109135000000.0,127950000000.0,164285000000.0,193871000000.0,211649000000.0,232083000000.0,269918000000.0,275039000000.0,236316000000.0,222149000000.0,237472000000.0,224999000000.0,238544000000.0,258472000000.0,291500000000.0,300523000000.0,334834000000.0,382487000000.0
Israel,ISR,GDP (current US$),NY.GDP.MKTP.CD,2598500000.0,3138500000.0,2510000000.0,2992333333.0,3405333333.0,3663333333.0,3980000000.0,4030000000.0,4619000000.0,5329333333.0,7048667154.0,6711750464.0,8775250607.0,11326250783.0,16341001130.0,15360167729.0,15183126050.0,17372801201.0,16843177635.0,21514081487.0,24164511475.0,25579229839.0,27837512213.0,31092231687.0,29160460747.0,27504908679.0,34097561976.0,40963279140.0,50099381786.0,49901966662.0,59011278706.0,67558017658.0,75607012222.0,75985906529.0,86342662574.0,100385000000.0,109996000000.0,114693000000.0,115933000000.0,117112000000.0,132343000000.0,130756000000.0,121124000000.0,126966000000.0,135477000000.0,142529000000.0,154034000000.0,178959000000.0,216105000000.0,207468000000.0,233996000000.0,261469000000.0,257180000000.0,292636000000.0,309558000000.0,299813000000.0,318951000000.0,353253000000.0,370588000000.0
Italy,ITA,GDP (current US$),NY.GDP.MKTP.CD,40385288344.0,44842760293.0,50383891899.0,57710743060.0,63175417019.0,67978153851.0,73654870011.0,81133120065.0,87942231678.0,97085082807.0,113395000000.0,124672000000.0,145260000000.0,175492000000.0,199564000000.0,227696000000.0,224717000000.0,257596000000.0,315058000000.0,393677000000.0,477257000000.0,430703000000.0,427273000000.0,443042000000.0,437888000000.0,452217000000.0,640386000000.0,805713000000.0,891609000000.0,928661000000.0,1181220000000.0,1246220000000.0,1320160000000.0,1064960000000.0,1099220000000.0,1174660000000.0,1312430000000.0,1241880000000.0,1270050000000.0,1252020000000.0,1143830000000.0,1167010000000.0,1270710000000.0,1574150000000.0,1803230000000.0,1857520000000.0,1947920000000.0,2210290000000.0,2398860000000.0,2191240000000.0,2134020000000.0,2291990000000.0,2087080000000.0,2141320000000.0,2159130000000.0,1835900000000.0,1875580000000.0,1956960000000.0,2083860000000.0
Jamaica,JAM,GDP (current US$),NY.GDP.MKTP.CD,699050679.0,748028839.4,777712445.8,826690466.2,897931401.4,972140557.2,1096738065.0,1148025407.0,1083883355.0,1191287652.0,1404776071.0,1539865514.0,1875048860.0,1905917553.0,2375096249.0,2860411286.0,2966010230.0,3249697393.0,2644449232.0,2425033998.0,2679409453.0,2979061412.0,3293533288.0,3619294121.0,2373566957.0,2100223150.0,2754566176.0,3286987552.0,3828310735.0,4404970059.0,4592224067.0,4071219198.0,3530892749.0,5405097571.0,5419134875.0,6538840170.0,7368000000.0,8375077443.0,8763219645.0,8851581633.0,8985352832.0,9178016493.0,9694169757.0,9399447609.0,10150978155.0,11204416000.0,11901911988.0,12827809965.0,13680482787.0,12067478478.0,13220556883.0,14444655300.0,14807086889.0,14262589158.0,13897804560.0,14187696311.0,14075894320.0,14806340821.0,15713908816.0
Japan,JPN,GDP (current US$),NY.GDP.MKTP.CD,44307342950.0,53508617739.0,60723018684.0,69498131797.0,81749006382.0,90950278258.0,105628000000.0,123782000000.0,146601000000.0,172204000000.0,212609000000.0,240152000000.0,318031000000.0,432083000000.0,479626000000.0,521542000000.0,586162000000.0,721412000000.0,1013610000000.0,1055010000000.0,1105390000000.0,1218990000000.0,1134520000000.0,1243320000000.0,1318380000000.0,1398890000000.0,2078950000000.0,2532810000000.0,3071680000000.0,3054910000000.0,3132820000000.0,3584420000000.0,3908810000000.0,4454140000000.0,4907040000000.0,5449120000000.0,4833710000000.0,4414730000000.0,4032510000000.0,4562080000000.0,4887520000000.0,4303540000000.0,4115120000000.0,4445660000000.0,4815150000000.0,4755410000000.0,4530380000000.0,4515260000000.0,5037910000000.0,5231380000000.0,5700100000000.0,6157460000000.0,6203210000000.0,5155720000000.0,4850410000000.0,4389480000000.0,4926670000000.0,4859950000000.0,4971320000000.0
Kenya,KEN,GDP (current US$),NY.GDP.MKTP.CD,791265458.8,792959472.1,868111400.0,926589348.6,998759333.6,997919320.0,1164519673.0,1232559506.0,1353295458.0,1458379415.0,1603447357.0,1778391289.0,2107279157.0,2502142444.0,2973309272.0,3259344936.0,3474542392.0,4494378855.0,5303734883.0,6234390975.0,7265315332.0,6854491454.0,6431579357.0,5979198464.0,6191437070.0,6135034338.0,7239126717.0,7970820531.0,8355380879.0,8283114648.0,8572359163.0,8151479004.0,8209129172.0,5751789915.0,7148145376.0,9046326060.0,12045858436.0,13115773738.0,14093998844.0,12896013577.0,12705357103.0,12986007426.0,13147743911.0,14904517650.0,16095337094.0,18737897745.0,25825524821.0,31958195182.0,35895153328.0,37021512049.0,40000088347.0,41953433591.0,50412754861.0,55096728048.0,61448046802.0,64007750179.0,69188755511.0,78757391333.0,87908262520.0
"Korea, Rep.",KOR,GDP (current US$),NY.GDP.MKTP.CD,3957240261.0,2417638423.0,2813856976.0,3988476879.0,3458565257.0,3120495495.0,3928281860.0,4854724235.0,6117115489.0,7675943920.0,8999227202.0,9889961112.0,10842220469.0,13841885921.0,19482038223.0,21704752066.0,29779338843.0,38265082645.0,51700619835.0,66567975207.0,64980820835.0,72425590649.0,77773431088.0,87024427973.0,96597434180.0,100273000000.0,115537000000.0,146133000000.0,196964000000.0,243526000000.0,279349000000.0,325734000000.0,350051000000.0,386303000000.0,455603000000.0,556131000000.0,598099000000.0,557503000000.0,374241000000.0,485248000000.0,561633000000.0,533052000000.0,609020000000.0,680521000000.0,764881000000.0,898137000000.0,1011800000000.0,1122680000000.0,1002220000000.0,901935000000.0,1094500000000.0,1202460000000.0,1222810000000.0,1305600000000.0,1411330000000.0,1382760000000.0,1414800000000.0,1530750000000.0,1619420000000.0
Lesotho,LSO,GDP (current US$),NY.GDP.MKTP.CD,34579308.41,35699286.01,41859162.82,47039059.22,51938961.22,54878902.42,56698866.02,59260814.78,61444771.1,65966680.67,68738625.23,76482102.91,80915831.92,121181556.2,150846210.4,149560513.9,147654093.8,193307267.7,266559337.6,290142517.8,431561376.5,434188034.2,348746822.6,386699308.9,333158476.2,268626912.5,318862888.4,402774852.7,470389179.7,495404888.1,596415104.5,704329192.8,831033941.1,835592802.3,878250450.6,1001889857.0,946123275.9,997996028.6,928458206.0,912771290.6,887295267.9,825706961.2,775780697.7,1157832935.0,1511236656.0,1682350935.0,1800105590.0,1716262753.0,1758534995.0,1773199523.0,2394600945.0,2792049477.0,2677545056.0,2533992455.0,2608269552.0,2289799040.0,2314323471.0,2565352373.0,2738786278.0
Madagascar,MDG,GDP (current US$),NY.GDP.MKTP.CD,673081724.1,699161943.9,739286906.9,759345863.0,802482182.9,833563472.2,900264583.7,956436931.1,1031669636.0,1056391055.0,1111859570.0,1199507630.0,1341590682.0,1653062347.0,1917508190.0,2283049233.0,2181844194.0,2358930406.0,2669755116.0,3463565881.0,4042139901.0,3594868208.0,3526198070.0,3511573992.0,2939485472.0,2857889712.0,3258288891.0,2565634382.0,2442507588.0,2498059015.0,3081479800.0,2653141959.0,3024459564.0,3370842211.0,2977040722.0,3159901232.0,3995028593.0,3545776697.0,3738704468.0,3717515283.0,3877673539.0,4529575348.0,4397254608.0,5474030080.0,4363934494.0,5039293031.0,5515884349.0,8524620739.0,10725137931.0,9616879571.0,9982711338.0,11551819618.0,11578974888.0,12423555269.0,12522957228.0,11323020829.0,11848613735.0,13176313594.0,13853432868.0
Malawi,MWI,GDP (current US$),NY.GDP.MKTP.CD,162956740.9,174576508.5,183116337.7,190816183.7,194736105.3,229455410.9,260394792.1,269814968.2,245169806.8,265810632.4,290531621.3,365386929.8,406062874.3,444281703.9,548621017.6,613220652.9,670317634.2,806290840.6,949034016.8,1058269066.0,1237655461.0,1237685692.0,1180104216.0,1223186840.0,1208008985.0,1131347798.0,1183654828.0,1183094128.0,1379924257.0,1590215583.0,1880771556.0,2203545857.0,1799517082.0,2070636936.0,1181802596.0,1397457932.0,2281034131.0,2663234934.0,1750584265.0,1775921718.0,1743506531.0,1716502862.0,3495748398.0,3208837077.0,3476094499.0,3655909664.0,3998020177.0,4432937046.0,5321012192.0,6191127665.0,6959655571.0,8004000737.0,6028487929.0,5518880769.0,6047813437.0,6373212641.0,5433040160.0,6303292264.0,7064971176.0
Malaysia,MYS,GDP (current US$),NY.GDP.MKTP.CD,1916241997.0,1901868548.0,2001502679.0,2510126748.0,2674441396.0,2956356984.0,3143538482.0,3188945512.0,3330393310.0,3664575983.0,3864170913.0,4244340334.0,5043268549.0,7662996767.0,9496074114.0,9298800799.0,11050125905.0,13139397879.0,16358376511.0,21213672089.0,24488033442.0,25004557094.0,26804401816.0,30346788438.0,33943505718.0,31200161095.0,27734562640.0,32181695507.0,35271880250.0,38848567631.0,44024178343.0,49143148094.0,59167550163.0,66894837030.0,74478356958.0,88705342903.0,100855000000.0,100005000000.0,72167498981.0,79148421053.0,93789736842.0,92783947368.0,100846000000.0,110202000000.0,124749000000.0,143534000000.0,162691000000.0,193548000000.0,230814000000.0,202258000000.0,255017000000.0,297952000000.0,314443000000.0,323277000000.0,338062000000.0,301355000000.0,301255000000.0,318958000000.0,358582000000.0
Mauritania,MRT,GDP (current US$),NY.GDP.MKTP.CD,92609243.69,107726205.6,111148610.8,113797382.6,151897202.5,172767212.4,180340652.9,191221776.8,210695182.7,199643447.6,209348256.0,227051055.2,265009396.7,333731886.1,414772366.0,475916497.7,524407949.9,540635401.2,544424587.1,644070390.6,709041462.2,747994670.3,750214401.6,788371840.3,726937308.9,683193876.9,802890746.9,909820596.8,957377548.5,981529430.1,1019600785.0,1443688865.0,1464392418.0,1249945003.0,1315932648.0,1415296706.0,1442598432.0,1401946856.0,1375115532.0,1405662877.0,1293654177.0,1295539954.0,1324427094.0,1563074858.0,1833444740.0,2184447591.0,3040716679.0,3356753170.0,4031053345.0,3662279343.0,4337794153.0,5166346516.0,5231255478.0,5639818812.0,5391555434.0,4828858025.0,4679346591.0,4905893855.0,5234817927.0
Mexico,MEX,GDP (current US$),NY.GDP.MKTP.CD,13040000000.0,14160000000.0,15200000000.0,16960000000.0,20080000000.0,21840000000.0,24320000000.0,26560000000.0,29360000000.0,32480000000.0,35520000000.0,39200000000.0,45200000000.0,55280000000.0,72000000000.0,88000000000.0,89025974026.0,81814159292.0,102500000000.0,134561000000.0,205139000000.0,263959000000.0,184609000000.0,156159000000.0,184261000000.0,195220000000.0,134550000000.0,147541000000.0,181612000000.0,221401000000.0,261254000000.0,313143000000.0,363158000000.0,500736000000.0,527813000000.0,360074000000.0,410976000000.0,500413000000.0,526502000000.0,600233000000.0,707907000000.0,756706000000.0,772106000000.0,729336000000.0,782241000000.0,877476000000.0,975387000000.0,1052700000000.0,1109990000000.0,900045000000.0,1057800000000.0,1180490000000.0,1201090000000.0,1274440000000.0,1314560000000.0,1170560000000.0,1077900000000.0,1157740000000.0,1220700000000.0
Morocco,MAR,GDP (current US$),NY.GDP.MKTP.CD,2037150716.0,2025689537.0,2379606422.0,2657247327.0,2798339769.0,2948325264.0,2876395613.0,3046339295.0,3271415868.0,3651615453.0,3956328426.0,4356633663.0,5074117545.0,6242177798.0,7675408486.0,8984824183.0,9584323309.0,11049896742.0,13236854105.0,15912133569.0,21728770055.0,17788171722.0,17692341358.0,16251460689.0,14824728528.0,14991283216.0,19462175322.0,21765261042.0,25705296184.0,26314220188.0,30180108562.0,32285388165.0,33711069431.0,31655473664.0,35604137423.0,39030285468.0,43161452678.0,39147844526.0,41806219379.0,41632027600.0,38857251336.0,39459581217.0,42236836821.0,52064058834.0,59626020162.0,62343022651.0,68640825481.0,79041294874.0,92507257784.0,92897320376.0,93216746662.0,101370000000.0,98266306615.0,106826000000.0,110081000000.0,101180000000.0,103312000000.0,109714000000.0,117921000000.0
Nepal,NPL,GDP (current US$),NY.GDP.MKTP.CD,508334414.0,531959561.6,574091101.2,496947904.4,496098775.3,735267082.3,906811943.8,841974025.5,772228643.4,788641965.4,865975308.6,882765471.6,1024098805.0,972101725.0,1217953547.0,1575789254.0,1452792989.0,1382400000.0,1604162497.0,1851250008.0,1945916583.0,2275583317.0,2395429852.0,2447174803.0,2581207388.0,2619913956.0,2850784523.0,2957255380.0,3487009748.0,3525228153.0,3627562403.0,3921476085.0,3401211581.0,3660041667.0,4066775510.0,4401104418.0,4521580381.0,4918691917.0,4856255044.0,5033642384.0,5494252208.0,6007055042.0,6050875807.0,6330473097.0,7273938315.0,8130258041.0,9043715356.0,10325618017.0,12545438605.0,12854985464.0,16002656434.0,18913574371.0,18851513891.0,19271168018.0,20002968838.0,21410840909.0,21185922408.0,25180583770.0,29040398982.0
Netherlands,NLD,GDP (current US$),NY.GDP.MKTP.CD,12276734172.0,13493833740.0,14647057370.0,15891241386.0,18699380731.0,21000586933.0,22867203317.0,25087562181.0,27817605743.0,34035946604.0,38164716869.0,44579122682.0,54706557264.0,71840910058.0,87243413477.0,100250000000.0,109169000000.0,127017000000.0,155860000000.0,179669000000.0,195152000000.0,164134000000.0,158480000000.0,153445000000.0,143913000000.0,143846000000.0,200862000000.0,245046000000.0,261911000000.0,258337000000.0,318331000000.0,327500000000.0,362963000000.0,353550000000.0,379130000000.0,452302000000.0,450490000000.0,416813000000.0,438008000000.0,446899000000.0,416443000000.0,431213000000.0,471614000000.0,578792000000.0,657172000000.0,685093000000.0,733341000000.0,847482000000.0,947998000000.0,868077000000.0,846555000000.0,904086000000.0,838971000000.0,876924000000.0,890981000000.0,765265000000.0,783528000000.0,831810000000.0,913658000000.0
New Zealand,NZL,GDP (current US$),NY.GDP.MKTP.CD,5485854792.0,5670064168.0,6077496268.0,6638937283.0,7274144351.0,5654463586.0,5863733231.0,5961418094.0,5180597621.0,5761588762.0,6495605290.0,7911136757.0,9567331065.0,12802281898.0,13940981798.0,12861983284.0,13604832424.0,15446825318.0,18530518395.0,20731243113.0,23244547385.0,24417617184.0,24164603059.0,24309279706.0,21665975319.0,24679795396.0,30604668357.0,40376354070.0,45176811594.0,43920222525.0,45495129385.0,42745329732.0,41649829860.0,46775620817.0,55314732279.0,63918703507.0,70140835299.0,66075143415.0,56227169851.0,58762260626.0,52623281957.0,53872425917.0,66627729311.0,88250885550.0,103905000000.0,114720000000.0,111609000000.0,137316000000.0,133280000000.0,121339000000.0,146584000000.0,168462000000.0,176194000000.0,190784000000.0,200834000000.0,177208000000.0,187854000000.0,202591000000.0,204924000000.0
Nicaragua,NIC,GDP (current US$),NY.GDP.MKTP.CD,223854666.7,240524723.4,265291588.7,292916241.1,341973758.9,566542872.4,606671444.0,657171436.7,695899980.4,747971449.6,776585681.1,826571413.4,880842890.1,1093571442.0,1520900045.0,1590428523.0,1847871372.0,2239857061.0,2142128604.0,1527852636.0,2189347368.0,2448290110.0,2465165180.0,2743341724.0,3105517091.0,2683816289.0,2885710609.0,3851213728.0,2630904262.0,1013184746.0,1009455484.0,1488804124.0,1792800000.0,1756454248.0,3863185119.0,4140470000.0,4308351903.0,4389965591.0,4635267225.0,4855717875.0,5107329007.0,5323146566.0,5224213018.0,5322454926.0,5795568205.0,6321335612.0,6763418646.0,7423367753.0,8496946608.0,8298679909.0,8758639096.0,9774262742.0,10531964139.0,10982979274.0,11880472593.0,12756706583.0,13286048705.0,13785943183.0,13063873078.0
Niger,NER,GDP (current US$),NY.GDP.MKTP.CD,449526872.6,485785234.9,531736492.9,586294761.5,582816358.3,673383604.2,702296184.4,665586975.1,641214210.7,625867922.7,649916708.2,693573595.3,742779740.4,946385033.0,1026136974.0,1048690933.0,1064517575.0,1291457973.0,1774365275.0,2109278102.0,2508524186.0,2170893039.0,2017611927.0,1803099732.0,1461243212.0,1440581534.0,1904097020.0,2233005823.0,2280356338.0,2179567108.0,2480673195.0,2327986216.0,2344987614.0,1606581744.0,1563207225.0,1880803362.0,1987770899.0,1845599608.0,2076737357.0,2018193703.0,1798374468.0,1945327565.0,2170481509.0,2731416346.0,3052898739.0,3405134832.0,3646728060.0,4291363391.0,5379299888.0,5373097441.0,5718664505.0,6409184724.0,6942258305.0,7667952566.0,8229731384.0,7217667781.0,7528285444.0,8119710126.0,9290938457.0
Nigeria,NGA,GDP (current US$),NY.GDP.MKTP.CD,4196092258.0,4467200336.0,4909302954.0,5165489010.0,5552822484.0,5874422512.0,6366792664.0,5203135937.0,5200895982.0,6634187316.0,12545849083.0,9181769912.0,12274416018.0,15162871287.0,24846641318.0,27778934625.0,36308883249.0,36035407725.0,36527862209.0,47259911894.0,64201788123.0,164475000000.0,142769000000.0,97094911791.0,73484359521.0,73745821156.0,54805852581.0,52676041931.0,49648470440.0,44003061108.0,54035795388.0,49118433048.0,47794925815.0,27752204320.0,33833042988.0,44062465800.0,51075815093.0,54457835193.0,54604050168.0,59372613486.0,69448756933.0,74030364472.0,95385819321.0,104912000000.0,136386000000.0,176134000000.0,236104000000.0,275626000000.0,337036000000.0,291880000000.0,363360000000.0,410335000000.0,459376000000.0,514966000000.0,568499000000.0,494583000000.0,404650000000.0,375745000000.0,397270000000.0
Norway,NOR,GDP (current US$),NY.GDP.MKTP.CD,5163271598.0,5632460937.0,6066976683.0,6510239503.0,7159202706.0,8058681060.0,8696460205.0,9514496703.0,10159934137.0,11063065083.0,12814123115.0,14583114840.0,17358610850.0,22534253703.0,27145693810.0,32877805200.0,35942270686.0,41508030431.0,46523091010.0,53132244624.0,64439382896.0,63596654761.0,62647195538.0,61627240831.0,62057955033.0,65416879914.0,78693253276.0,94230055659.0,101900000000.0,102634000000.0,119792000000.0,121872000000.0,130838000000.0,120579000000.0,127131000000.0,152030000000.0,163520000000.0,161357000000.0,154163000000.0,162284000000.0,171247000000.0,173972000000.0,195524000000.0,228859000000.0,264512000000.0,308884000000.0,345581000000.0,400937000000.0,462250000000.0,386190000000.0,428757000000.0,498283000000.0,509506000000.0,522762000000.0,498410000000.0,385802000000.0,368827000000.0,398394000000.0,434167000000.0
Pakistan,PAK,GDP (current US$),NY.GDP.MKTP.CD,3707055901.0,4054599181.0,4233095590.0,4540529105.0,5130407728.0,5884712096.0,6466610752.0,7403821903.0,8090088555.0,8632927257.0,10027088849.0,10602058190.0,9309109764.0,6324884129.0,8773030424.0,11340000242.0,13338484980.0,15126059646.0,17820100626.0,19707979303.0,23689696768.0,28100605515.0,30725972787.0,28691890433.0,31151824659.0,31144920554.0,31899071054.0,33351528115.0,38472741737.0,40171019643.0,40010424929.0,45451960732.0,48635176853.0,51478304860.0,51894781282.0,60636022423.0,63320122807.0,62433300338.0,62191955814.0,62973855719.0,73952374970.0,72309738921.0,72306820396.0,83244801093.0,97977766198.0,109502000000.0,137264000000.0,152386000000.0,170078000000.0,168153000000.0,177166000000.0,213587000000.0,224384000000.0,231219000000.0,244361000000.0,270556000000.0,278655000000.0,304567000000.0,314588000000.0
Panama,PAN,GDP (current US$),NY.GDP.MKTP.CD,537147100.0,599026300.0,652120900.0,722784500.0,776137500.0,852485300.0,928833000.0,1034376400.0,1112791100.0,1221305700.0,1351006400.0,1523917200.0,1673411700.0,1913793400.0,2188307600.0,2435304100.0,2588106000.0,2738261900.0,3244558600.0,3704551600.0,4614086400.0,5222421500.0,5769767900.0,5923755900.0,6183387100.0,6541517100.0,6797834200.0,6827665300.0,5902783400.0,5918469800.0,6433967000.0,7074675500.0,8042337700.0,8782585400.0,9365289800.0,9573813700.0,9870494000.0,10677286100.0,11575486400.0,12130252200.0,12304115000.0,12502013400.0,12994310400.0,13693981200.0,15013381700.0,16374393900.0,18141666300.0,21295984200.0,25155888600.0,27116635600.0,29440300000.0,34686200000.0,40429700000.0,45600000000.0,49921500000.0,54091700000.0,57957600000.0,62283800000.0,65055100000.0
Papua New Guinea,PNG,GDP (current US$),NY.GDP.MKTP.CD,230496033.0,244832035.0,261184037.4,275968039.5,305312043.7,344159480.3,390973233.3,441706910.1,485160824.3,551237316.6,645537126.2,717716130.5,858802035.9,1299105241.0,1467346060.0,1356591177.0,1511856584.0,1640763204.0,1947947524.0,2293621944.0,2545983008.0,2498068351.0,2368584970.0,2562492525.0,2552526263.0,2423373088.0,2648033766.0,3143848331.0,3655979702.0,3546460177.0,3219730365.0,3787394958.0,4377980510.0,4974550286.0,5502786070.0,4636057476.0,5155311077.0,4936615299.0,3789443015.0,3477038204.0,3521339699.0,3081024212.0,2999511040.0,3536411824.0,3927157867.0,4865892972.0,8355006711.0,9545177005.0,11670840924.0,11619637816.0,14250755222.0,17984910496.0,21295659249.0,21261432775.0,23210682537.0,21723531182.0,20759069105.0,22742613549.0,23497607690.0
Peru,PER,GDP (current US$),NY.GDP.MKTP.CD,2571908062.0,2899654840.0,3286773188.0,3600957771.0,4356913870.0,5166861068.0,6113607728.0,6204253759.0,5736083835.0,6420909790.0,7432223177.0,8289582884.0,9189413409.0,10994381895.0,13858441211.0,16877163792.0,15947709380.0,14620386674.0,12495779622.0,15962459447.0,18134029180.0,21649137620.0,21793496819.0,17345624454.0,17599660054.0,16548827018.0,15244232958.0,20702298397.0,15439408447.0,22499559086.0,26410386669.0,34341465998.0,35966302303.0,34832077221.0,44882079767.0,53312793687.0,55252414130.0,58147522523.0,55501467877.0,50187324568.0,51744749133.0,52030158775.0,54777553515.0,58731030122.0,66768703498.0,76060606061.0,88643193062.0,102171000000.0,120551000000.0,120823000000.0,147529000000.0,171762000000.0,192649000000.0,201175000000.0,200789000000.0,189805000000.0,191896000000.0,211007000000.0,222045000000.0
Philippines,PHL,GDP (current US$),NY.GDP.MKTP.CD,6684568805.0,7256966966.0,4399827768.0,4875309866.0,5271404668.0,5784398977.0,6371459304.0,6809134236.0,7591603053.0,8408229699.0,6687204834.0,7408305736.0,8017468688.0,10082885603.0,13781139970.0,14893969288.0,17097563270.0,19648106122.0,22706155475.0,27502168727.0,32450541843.0,35646416953.0,37140163934.0,33212180658.0,31408492877.0,30734335449.0,29868339081.0,33195933430.0,37885440419.0,42575183906.0,44311593756.0,45417561302.0,52976344929.0,54368083953.0,64084460124.0,74119987245.0,82848140618.0,82344260571.0,72207028768.0,82995145793.0,81026300310.0,76262072467.0,81357605642.0,83908206648.0,91371242495.0,103072000000.0,122211000000.0,149360000000.0,174195000000.0,168335000000.0,199591000000.0,224143000000.0,250092000000.0,271836000000.0,284585000000.0,292774000000.0,304898000000.0,313620000000.0,330910000000.0
Portugal,PRT,GDP (current US$),NY.GDP.MKTP.CD,3193200404.0,3417516639.0,3668222358.0,3905734460.0,4235608178.0,4687464055.0,5135387846.0,5740241166.0,6354262628.0,6969025826.0,8108235007.0,9201607067.0,11239117124.0,15090566639.0,17512388319.0,19347608627.0,20332834218.0,21439525406.0,23487613139.0,26622818852.0,32896521426.0,31977275896.0,30527754541.0,27239650742.0,25217969597.0,27115807154.0,38745902024.0,48182925146.0,56347251114.0,60594092437.0,78713859795.0,89233599833.0,107592000000.0,95009751901.0,99688640942.0,118122000000.0,122630000000.0,117017000000.0,123946000000.0,127427000000.0,118311000000.0,121499000000.0,134156000000.0,164862000000.0,189035000000.0,197180000000.0,208582000000.0,240191000000.0,262345000000.0,243702000000.0,237881000000.0,244797000000.0,216237000000.0,226370000000.0,229596000000.0,199314000000.0,206286000000.0,220811000000.0,240675000000.0
Puerto Rico,PRI,GDP (current US$),NY.GDP.MKTP.CD,1691900000.0,1865100000.0,2094400000.0,2333600000.0,2570500000.0,2881500000.0,3170500000.0,3532700000.0,3941700000.0,4460700000.0,5034700000.0,5646800000.0,6328900000.0,7002400000.0,7684800000.0,8198300000.0,8968600000.0,9910900000.0,11165000000.0,12750000000.0,14436100000.0,15955700000.0,16764200000.0,17276600000.0,19162600000.0,20289200000.0,22009300000.0,24025800000.0,26385800000.0,28161200000.0,30603919000.0,32287031000.0,34630430000.0,36922456000.0,39690630000.0,42647331000.0,45340835000.0,48187039000.0,54086400000.0,57841000000.0,61701800000.0,69208400000.0,71623500000.0,74827400000.0,80322313000.0,83914521300.0,87276164400.0,89524131600.0,93639300000.0,96385600000.0,98381300000.0,100352000000.0,101565000000.0,102450000000.0,102446000000.0,103376000000.0,104337000000.0,104250000000.0,101131000000.0
Rwanda,RWA,GDP (current US$),NY.GDP.MKTP.CD,119000024.0,122000016.0,125000008.0,128000000.0,129999994.0,148799980.0,124525702.9,159560018.0,172200018.0,188700037.0,219900006.0,222952578.2,246457838.3,290746157.1,308458423.2,571863295.7,637754162.1,746650558.6,905709147.3,1109346221.0,1254765350.0,1407062608.0,1407242640.0,1479688126.0,1587412957.0,1715625839.0,1944711061.0,2157434025.0,2395493878.0,2405021933.0,2550185618.0,1911600970.0,2029026704.0,1971525999.0,753636370.5,1293535011.0,1382334879.0,1851558302.0,1989343495.0,1817654508.0,1734938652.0,1674685248.0,1677552332.0,1846198771.0,2088961969.0,2581313486.0,3194248866.0,3875655218.0,4924731466.0,5450464409.0,5849863213.0,6646901208.0,7428848122.0,7621924854.0,8016593394.0,8277614581.0,8475622319.0,9140429058.0,9508715596.0
Senegal,SEN,GDP (current US$),NY.GDP.MKTP.CD,1003692375.0,1058975266.0,1085475573.0,1122139637.0,1188930568.0,1210058396.0,1246908374.0,1246480959.0,1309384830.0,1245234807.0,1297407829.0,1339548824.0,1620857277.0,1863398448.0,2099324950.0,2830388405.0,2869777812.0,2938046307.0,3280354339.0,4084878668.0,4435050397.0,4021697233.0,3936758682.0,3512053232.0,3425127373.0,3750056424.0,5304238013.0,6381385760.0,6311054901.0,6219793533.0,7237100724.0,7111252866.0,7602005274.0,7189226453.0,4908415369.0,6176312552.0,6413189839.0,5915250258.0,6368265194.0,6512207622.0,5924239701.0,6174898370.0,6752510283.0,8683229268.0,10167441854.0,11022821632.0,11847848225.0,14285970085.0,16949789465.0,16248212852.0,16215069256.0,17878780185.0,17825417949.0,18960182371.0,19770840286.0,17767704597.0,19027392876.0,21081669870.0,24129599552.0
Sierra Leone,SLE,GDP (current US$),NY.GDP.MKTP.CD,322009471.6,327834680.6,342721579.8,348546952.1,371848114.7,359379856.2,375479849.8,348795303.0,329860091.9,408690163.5,434410373.8,419549425.1,465381090.0,575230234.4,648590642.9,679335901.1,594895672.3,691777758.4,960728338.9,1109374722.0,1100685845.0,1114830472.0,1295361886.0,995104305.3,1087471862.0,856890498.6,490181456.6,701307602.3,1055083945.0,932974411.9,649644826.8,779981458.9,679997997.6,768812334.8,911915970.7,870758739.4,941742152.7,850218033.6,672375927.3,669384768.9,635874002.2,1090467712.0,1253340520.0,1385810072.0,1448536631.0,1650494367.0,1885112202.0,2158496873.0,2505458705.0,2453899847.0,2578026297.0,2942546781.0,3801862611.0,4920343195.0,5015157816.0,4218723875.0,3674794530.0,3739577973.0,4085114794.0
Singapore,SGP,GDP (current US$),NY.GDP.MKTP.CD,704756304.7,764634783.7,826244610.0,917614007.6,894159153.3,974650463.9,1096432771.0,1238043904.0,1425715406.0,1659904613.0,1920586698.0,2263785444.0,2721440981.0,3696213333.0,5221534956.0,5633673930.0,6327077974.0,6618585074.0,7517176355.0,9296921724.0,11896256783.0,14175228844.0,16084252378.0,17784112150.0,19749361098.0,19156532746.0,18586746057.0,20919215578.0,25371462488.0,30465364739.0,36144336769.0,45466164978.0,52130263966.0,60603478153.0,73690847191.0,87810991957.0,96295886525.0,100124000000.0,85728310229.0,86284660767.0,96074477958.0,89794943350.0,92537752709.0,97645448284.0,115035000000.0,127808000000.0,148630000000.0,180942000000.0,193612000000.0,194152000000.0,239809000000.0,279351000000.0,295087000000.0,307576000000.0,314851000000.0,308004000000.0,318068000000.0,338406000000.0,364157000000.0
South Africa,ZAF,GDP (current US$),NY.GDP.MKTP.CD,7575396973.0,7972996814.0,8497996604.0,9423396234.0,10373995855.0,11334395471.0,12354995063.0,13777394495.0,14894594048.0,16780393295.0,18418392640.0,20333691315.0,21357435928.0,29295674713.0,36807721039.0,38114542813.0,36603349968.0,40651349965.0,46739449959.0,57645721016.0,82980483391.0,85454420504.0,78423059791.0,87415851379.0,77344092904.0,59082638803.0,67521602553.0,88573697222.0,95176640968.0,99030856825.0,115552000000.0,123943000000.0,134545000000.0,134308000000.0,139753000000.0,155461000000.0,147606000000.0,152587000000.0,137775000000.0,136632000000.0,136361000000.0,121515000000.0,115482000000.0,175257000000.0,228590000000.0,257773000000.0,271638000000.0,299416000000.0,286770000000.0,295936000000.0,375349000000.0,416419000000.0,396333000000.0,366829000000.0,350905000000.0,317621000000.0,296357000000.0,349554000000.0,368289000000.0
Spain,ESP,GDP (current US$),NY.GDP.MKTP.CD,12072126075.0,13834300571.0,16138545209.0,19074913948.0,21343844644.0,24756958695.0,28721062242.0,31647119228.0,31475548481.0,36038711600.0,40992995959.0,46619420120.0,59132415739.0,78639527127.0,97274005192.0,114777000000.0,118507000000.0,132449000000.0,160600000000.0,214602000000.0,232767000000.0,202808000000.0,195997000000.0,170951000000.0,172103000000.0,180793000000.0,251321000000.0,318748000000.0,376160000000.0,414757000000.0,536559000000.0,577166000000.0,630916000000.0,525076000000.0,530563000000.0,614609000000.0,642589000000.0,590077000000.0,619215000000.0,634693000000.0,596878000000.0,627287000000.0,705394000000.0,905492000000.0,1067090000000.0,1153290000000.0,1259340000000.0,1472130000000.0,1625220000000.0,1485580000000.0,1420720000000.0,1478770000000.0,1324820000000.0,1354760000000.0,1369400000000.0,1195120000000.0,1232080000000.0,1309310000000.0,1419040000000.0
Sri Lanka,LKA,GDP (current US$),NY.GDP.MKTP.CD,1409873950.0,1444327731.0,1434156379.0,1240672269.0,1309747899.0,1698319328.0,1751470588.0,1859465021.0,1801344538.0,1965546218.0,2296470588.0,2369308600.0,2553936348.0,2875625000.0,3574586466.0,3791298146.0,3591319857.0,4104509583.0,2733183857.0,3364611432.0,4024621900.0,4415844156.0,4768765017.0,5167913302.0,6043474843.0,5978460972.0,6405210564.0,6682167120.0,6978371581.0,6987267684.0,8032551173.0,9000362582.0,9703011636.0,10338679636.0,11717604209.0,13029697561.0,13897738375.0,15091913884.0,15794972847.0,15656327860.0,16330814180.0,15749753805.0,16536535647.0,18881765437.0,20662525941.0,24405791045.0,28279814925.0,32350248411.0,40713812310.0,42066217872.0,56725749222.0,65292753005.0,68434409315.0,74317806538.0,79356449841.0,80604080689.0,82401038710.0,88019706804.0,88900770858.0
St. Vincent and the Grenadines,VCT,GDP (current US$),NY.GDP.MKTP.CD,13066557.78,13999883.33,14524878.96,13708219.1,14758210.35,15108207.43,16099865.83,15835177.93,15350000.0,16650000.0,18450000.0,20051648.18,27585488.99,30165373.62,32924215.86,33237164.72,32792480.97,49353161.85,60844771.48,71096359.63,82340339.63,102086539.3,113759203.3,122255349.6,135024987.8,145641705.2,160846656.7,175580647.4,200726712.6,214745002.2,240365262.6,254829629.6,277954111.1,286307814.8,289438481.5,316008481.5,331489703.7,347770000.0,373619851.9,390719148.1,396261370.4,430039296.3,461883444.4,481806296.3,521975111.1,550728666.7,610930037.0,684446259.3,695428851.9,674922481.5,681225963.0,676129407.4,692933740.7,721207407.4,727714814.8,755400000.0,774429629.6,792177777.8,811300000.0
Sudan,SDN,GDP (current US$),NY.GDP.MKTP.CD,1307333333.0,1419333333.0,1541666667.0,1568333333.0,1611333333.0,1679333333.0,1723000000.0,1865666667.0,1947333333.0,2144333333.0,2437666667.0,2656000000.0,2882000000.0,3571666667.0,4595000000.0,5598000000.0,6979333333.0,8704000000.0,7670500000.0,9032250000.0,7459833333.0,10016500000.0,9240000000.0,8230153846.0,9701357143.0,12403733333.0,15769062500.0,20155555556.0,15399166667.0,15291507937.0,12408647541.0,11379222222.0,7034219713.0,8881785938.0,12794192334.0,13829744879.0,9018243044.0,11681494637.0,11250327988.0,10682045258.0,12257418326.0,13182979784.0,14803189093.0,17646503525.0,21457470203.0,26524538566.0,35822408612.0,45898948564.0,54526580232.0,53150209168.0,65634109237.0,67327289320.0,68125631150.0,72065940086.0,82151588419.0,96741742022.0,95558220777.0,123053000000.0,40851536134.0
Suriname,SUR,GDP (current US$),NY.GDP.MKTP.CD,99650000.0,107700000.0,116150000.0,125950000.0,134400000.0,154150000.0,190350000.0,220700000.0,241350000.0,259650000.0,274900000.0,301000000.0,311950000.0,339450000.0,409850000.0,465500000.0,505500000.0,641500000.0,735500000.0,782500000.0,795000000.0,889000000.0,915000000.0,883500000.0,864000000.0,873000000.0,891000000.0,980000000.0,1161000000.0,542600000.0,388400000.0,448100000.0,404600000.0,428764705.9,605492537.3,691590497.7,861411471.3,926422500.0,1110850000.0,886290697.7,947671969.7,834279357.8,1093574468.0,1274190311.0,1484092538.0,1793388732.0,2626380435.0,2936612022.0,3532969035.0,3875409836.0,4368398048.0,4422276622.0,4980000000.0,5145757576.0,5240606061.0,4787367928.0,3166040523.0,3068766110.0,3590753769.0
Sweden,SWE,GDP (current US$),NY.GDP.MKTP.CD,15822585034.0,17212686615.0,18667251380.0,20204870630.0,22532416750.0,24795499686.0,26971486546.0,29275995675.0,31066819929.0,33738102482.0,37780565240.0,41226082639.0,48553327545.0,58918580977.0,65472846353.0,82206762873.0,88630408366.0,93695265976.0,103587000000.0,122376000000.0,140929000000.0,128625000000.0,113444000000.0,104155000000.0,108307000000.0,113189000000.0,149266000000.0,181511000000.0,205292000000.0,216164000000.0,259702000000.0,271984000000.0,281993000000.0,211210000000.0,227272000000.0,265393000000.0,289756000000.0,266384000000.0,268916000000.0,272293000000.0,261337000000.0,241019000000.0,265336000000.0,332269000000.0,382624000000.0,389752000000.0,420224000000.0,487973000000.0,515414000000.0,435114000000.0,495329000000.0,572744000000.0,550927000000.0,584638000000.0,580249000000.0,503651000000.0,515744000000.0,540545000000.0,556086000000.0
Switzerland,CHE,GDP (current US$),NY.GDP.MKTP.CD,9522746719.0,10712712465.0,11879982759.0,13063643796.0,14480556572.0,15346741670.0,16480058705.0,17740013179.0,18942729779.0,20524886616.0,24274075006.0,29170150923.0,35777236928.0,48114943567.0,55449199174.0,63570059117.0,66493313570.0,71017619472.0,99318234340.0,111640000000.0,119008000000.0,108994000000.0,111711000000.0,111314000000.0,106285000000.0,107766000000.0,154482000000.0,193466000000.0,209298000000.0,202079000000.0,258067000000.0,261114000000.0,271814000000.0,264353000000.0,292647000000.0,342617000000.0,330091000000.0,286519000000.0,295045000000.0,289913000000.0,272055000000.0,278631000000.0,301417000000.0,352915000000.0,394164000000.0,408689000000.0,430921000000.0,479913000000.0,554363000000.0,541506000000.0,583783000000.0,699580000000.0,668043000000.0,688504000000.0,709182000000.0,679832000000.0,671309000000.0,679951000000.0,705140000000.0
Thailand,THA,GDP (current US$),NY.GDP.MKTP.CD,2760747472.0,3034043574.0,3308912797.0,3540403457.0,3889129942.0,4388937649.0,5279230817.0,5638461442.0,6081009428.0,6695336567.0,7086538438.0,7375000024.0,8177884553.0,10838587358.0,13703000530.0,14882747955.0,16985211146.0,19779315170.0,24006570178.0,27371699083.0,32353440727.0,34846107862.0,36589797857.0,40042826244.0,41797592963.0,38900692712.0,43096746122.0,50535438696.0,61667199835.0,72250877410.0,85343063966.0,98234695722.0,111453000000.0,128890000000.0,146683000000.0,169279000000.0,183035000000.0,150180000000.0,113676000000.0,126669000000.0,126392000000.0,120297000000.0,134301000000.0,152281000000.0,172895000000.0,189318000000.0,221758000000.0,262943000000.0,291383000000.0,281710000000.0,341105000000.0,370819000000.0,397558000000.0,420333000000.0,407339000000.0,401296000000.0,412353000000.0,455276000000.0,504993000000.0
Togo,TGO,GDP (current US$),NY.GDP.MKTP.CD,121128073.1,126396469.7,132237441.6,143255784.5,166104067.6,187300336.4,216136263.9,231706475.5,241956910.7,267732446.4,253976626.2,286537525.0,335677636.9,406479906.2,560437742.6,617321669.4,619375134.2,777435020.5,824263841.5,891775906.6,1136408814.0,962347001.0,821651918.7,765746590.6,718148959.6,762359722.7,1060911735.0,1249099130.0,1378847487.0,1352949663.0,1628427515.0,1602299863.0,1692959110.0,1233496846.0,982624324.5,1309382885.0,1465448290.0,1498950899.0,1587345951.0,1576094566.0,1488185772.0,1481141850.0,1698678686.0,2111093198.0,2255942249.0,2280575830.0,2349495621.0,2659095101.0,3310277927.0,3365711796.0,3429461495.0,3872459250.0,3873308389.0,4321655656.0,4574986537.0,4180866177.0,4486979198.0,4819949975.0,5356344850.0
Trinidad and Tobago,TTO,GDP (current US$),NY.GDP.MKTP.CD,535670127.7,584961208.7,619319197.3,678235373.0,711893367.6,736568861.9,723735635.5,761981474.0,758899950.0,779200000.0,821850000.0,896754316.7,1083381044.0,1308799459.0,2042031901.0,2442667573.0,2500410584.0,3138666667.0,3562333458.0,4602416625.0,6235833333.0,6992083333.0,8140416667.0,7763750000.0,7757083333.0,7375918367.0,4794444444.0,4797777778.0,4496852073.0,4323058824.0,5068000000.0,5307905882.0,5439552941.0,4669488516.0,4947205860.0,5329214163.0,5759537726.0,5737751332.0,6043694330.0,6808982521.0,8154338233.0,8824873259.0,9008273721.0,11305459802.0,13280275123.0,15982282462.0,18369361094.0,21641620050.0,27871587350.0,19172165226.0,22157948396.0,25433011405.0,25763220107.0,27268478565.0,27615843098.0,25062893969.0,22284780327.0,22474828527.0,23808146748.0
Turkey,TUR,GDP (current US$),NY.GDP.MKTP.CD,13995067818.0,7988888889.0,8922222222.0,10355555556.0,11177777778.0,11966666667.0,14100000000.0,15644444444.0,17500000000.0,19466666667.0,17086956522.0,16256619964.0,20431095406.0,25724381625.0,35599913836.0,44633707243.0,51280134554.0,58676813687.0,65147022486.0,89394085658.0,68789289566.0,71040020140.0,64546332581.0,61678280115.0,59989909458.0,67234948265.0,75728009963.0,87172789528.0,90852814005.0,107143000000.0,150676000000.0,150028000000.0,158459000000.0,180170000000.0,130690000000.0,169486000000.0,181476000000.0,189835000000.0,275769000000.0,255884000000.0,272979000000.0,200252000000.0,238428000000.0,311823000000.0,404787000000.0,501416000000.0,552487000000.0,675770000000.0,764336000000.0,644640000000.0,771902000000.0,832524000000.0,873982000000.0,950579000000.0,934186000000.0,859797000000.0,863722000000.0,852677000000.0,771350000000.0
Uganda,UGA,GDP (current US$),NY.GDP.MKTP.CD,423008385.7,441524109.0,449012578.6,516147798.7,589056603.8,884873949.6,925770308.1,967647058.8,1037815126.0,1169047619.0,1260084034.0,1417787115.0,1491596639.0,1702521008.0,2100142653.0,2359555556.0,2447300000.0,2936470588.0,2420260870.0,2139025000.0,1244610000.0,1337300000.0,2177500000.0,2240333333.0,3615647477.0,3519666339.0,3923232122.0,6269511615.0,6508931652.0,5276480986.0,4304398866.0,3321729057.0,2857457860.0,3220439044.0,3990430447.0,5755818947.0,6044585327.0,6269333313.0,6584815847.0,5998563258.0,6193246837.0,5840503869.0,6178563591.0,6336696289.0,7940362799.0,9013834373.0,9942597780.0,12292813603.0,14239026630.0,18168902154.0,20186496527.0,20176025257.0,23114293416.0,24599550624.0,27291879819.0,27102650387.0,24133664285.0,25995031850.0,27461440192.0
United Kingdom,GBR,GDP (current US$),NY.GDP.MKTP.CD,73233967692.0,77741965703.0,81247564157.0,86561961812.0,94407558351.0,101825000000.0,108573000000.0,113117000000.0,107760000000.0,116465000000.0,130672000000.0,148114000000.0,169965000000.0,192538000000.0,206131000000.0,241757000000.0,232615000000.0,263066000000.0,335883000000.0,438994000000.0,564948000000.0,540766000000.0,515049000000.0,489618000000.0,461487000000.0,489285000000.0,601453000000.0,745163000000.0,910123000000.0,926885000000.0,1093170000000.0,1142800000000.0,1179660000000.0,1061390000000.0,1140490000000.0,1341580000000.0,1415360000000.0,1559080000000.0,1650170000000.0,1682400000000.0,1657820000000.0,1640250000000.0,1784470000000.0,2053020000000.0,2416930000000.0,2538680000000.0,2713750000000.0,3100880000000.0,2922670000000.0,2410910000000.0,2475240000000.0,2659310000000.0,2704890000000.0,2786020000000.0,3063800000000.0,2928590000000.0,2694280000000.0,2666230000000.0,2855300000000.0
United States,USA,GDP (current US$),NY.GDP.MKTP.CD,543300000000.0,563300000000.0,605100000000.0,638600000000.0,685800000000.0,743700000000.0,815000000000.0,861700000000.0,942500000000.0,1019900000000.0,1073300000000.0,1164850000000.0,1279110000000.0,1425380000000.0,1545240000000.0,1684900000000.0,1873410000000.0,2081830000000.0,2351600000000.0,2627330000000.0,2857310000000.0,3207040000000.0,3343790000000.0,3634040000000.0,4037610000000.0,4338980000000.0,4579630000000.0,4855220000000.0,5236440000000.0,5641580000000.0,5963140000000.0,6158130000000.0,6520330000000.0,6858560000000.0,7287240000000.0,7639750000000.0,8073120000000.0,8577550000000.0,9062820000000.0,9630660000000.0,10252300000000.0,10581800000000.0,10936400000000.0,11458200000000.0,12213700000000.0,13036600000000.0,13814600000000.0,14451900000000.0,14712800000000.0,14448900000000.0,14992100000000.0,15542600000000.0,16197000000000.0,16784800000000.0,17521700000000.0,18219300000000.0,18707200000000.0,19485400000000.0,20544300000000.0
Uruguay,URY,GDP (current US$),NY.GDP.MKTP.CD,1242289239.0,1547388781.0,1710004407.0,1539681491.0,1975701816.0,1890769326.0,1809183975.0,1597721080.0,1593675330.0,2004435484.0,2137096774.0,2807258065.0,2189418001.0,3964295673.0,4090209682.0,3538283322.0,3667161241.0,4114667063.0,4910257283.0,7181185278.0,10163020116.0,11048335541.0,9178802163.0,5102281256.0,4850241442.0,4732017873.0,5880112788.0,7367494080.0,8213515459.0,8438951476.0,9298839655.0,11205971155.0,12878199881.0,15002106518.0,17474647792.0,19297663097.0,20515543039.0,23969823010.0,25385928198.0,23983945191.0,22823255802.0,20898788417.0,13606494599.0,12045631093.0,13686329890.0,17362857685.0,19579457965.0,23410572633.0,30366213118.0,31660911279.0,40284481653.0,47962439303.0,51264390114.0,57531233351.0,57236013058.0,53274304222.0,52687612262.0,56488991831.0,59596885024.0
Zambia,ZMB,GDP (current US$),NY.GDP.MKTP.CD,713000000.0,696285714.3,693142857.1,718714285.7,839428571.4,1082857143.0,1264285714.0,1368000000.0,1605857143.0,1965714286.0,1825285714.0,1687000000.0,1910714286.0,2268714286.0,3121833333.0,2618666667.0,2746714286.0,2483000000.0,2813375000.0,3325500000.0,3829500000.0,3872666667.0,3994777778.0,3216307692.0,2739444444.0,2281258065.0,1661948718.0,2269894737.0,3713614458.0,3998637681.0,3285217391.0,3378882353.0,3181921788.0,3273237853.0,3656647744.0,3807067122.0,3597220962.0,4303281932.0,3537683046.0,3404311977.0,3600683040.0,4094480988.0,4193845678.0,4901839731.0,6221077675.0,8331870169.0,12756858899.0,14056957976.0,17910858638.0,15328342304.0,20265556274.0,23460098340.0,25503370699.0,28045460442.0,27150630607.0,21243350633.0,20954754378.0,25868142077.0,26720073436.0
Zimbabwe,ZWE,GDP (current US$),NY.GDP.MKTP.CD,1052990400.0,1096646600.0,1117601600.0,1159511700.0,1217138000.0,1311435800.0,1281749500.0,1397002000.0,1479599900.0,1747998800.0,1884206300.0,2178716300.0,2677729400.0,3309353600.0,3982161400.0,4371300700.0,4318372000.0,4364382100.0,4351600500.0,5177459400.0,6678868200.0,8011373800.0,8539700700.0,7764067000.0,6352125900.0,5637259300.0,6217523700.0,6741215100.0,7814784100.0,8286322700.0,8783816700.0,8641481700.0,6751472200.0,6563813300.0,6890675000.0,7111270700.0,8553146600.0,8529571600.0,6401968200.0,6858013100.0,6689957600.0,6777384700.0,6342116400.0,5727591800.0,5805598400.0,5755215200.0,5443896500.0,5291950100.0,4415702800.0,9665793300.0,12041655200.0,14101920300.0,17114849900.0,19091020000.0,19495519600.0,19963120600.0,20548678100.0,22813010116.0,31000519447.0
